--
-- PostgreSQL database dump
--

-- Dumped from database version 16.1 (Ubuntu 16.1-1.pgdg22.04+1)
-- Dumped by pg_dump version 16.1 (Ubuntu 16.1-1.pgdg22.04+1)

SET statement_timeout = 0;
SET lock_timeout = 0;
SET idle_in_transaction_session_timeout = 0;
SET client_encoding = 'UTF8';
SET standard_conforming_strings = on;
SELECT pg_catalog.set_config('search_path', '', false);
SET check_function_bodies = false;
SET xmloption = content;
SET client_min_messages = warning;
SET row_security = off;

SET default_tablespace = '';

SET default_table_access_method = heap;

--
-- Name: auth_group; Type: TABLE; Schema: public; Owner: postgres
--

CREATE TABLE public.auth_group (
    id integer NOT NULL,
    name character varying(150) NOT NULL
);


ALTER TABLE public.auth_group OWNER TO postgres;

--
-- Name: auth_group_id_seq; Type: SEQUENCE; Schema: public; Owner: postgres
--

ALTER TABLE public.auth_group ALTER COLUMN id ADD GENERATED BY DEFAULT AS IDENTITY (
    SEQUENCE NAME public.auth_group_id_seq
    START WITH 1
    INCREMENT BY 1
    NO MINVALUE
    NO MAXVALUE
    CACHE 1
);


--
-- Name: auth_group_permissions; Type: TABLE; Schema: public; Owner: postgres
--

CREATE TABLE public.auth_group_permissions (
    id bigint NOT NULL,
    group_id integer NOT NULL,
    permission_id integer NOT NULL
);


ALTER TABLE public.auth_group_permissions OWNER TO postgres;

--
-- Name: auth_group_permissions_id_seq; Type: SEQUENCE; Schema: public; Owner: postgres
--

ALTER TABLE public.auth_group_permissions ALTER COLUMN id ADD GENERATED BY DEFAULT AS IDENTITY (
    SEQUENCE NAME public.auth_group_permissions_id_seq
    START WITH 1
    INCREMENT BY 1
    NO MINVALUE
    NO MAXVALUE
    CACHE 1
);


--
-- Name: auth_permission; Type: TABLE; Schema: public; Owner: postgres
--

CREATE TABLE public.auth_permission (
    id integer NOT NULL,
    name character varying(255) NOT NULL,
    content_type_id integer NOT NULL,
    codename character varying(100) NOT NULL
);


ALTER TABLE public.auth_permission OWNER TO postgres;

--
-- Name: auth_permission_id_seq; Type: SEQUENCE; Schema: public; Owner: postgres
--

ALTER TABLE public.auth_permission ALTER COLUMN id ADD GENERATED BY DEFAULT AS IDENTITY (
    SEQUENCE NAME public.auth_permission_id_seq
    START WITH 1
    INCREMENT BY 1
    NO MINVALUE
    NO MAXVALUE
    CACHE 1
);


--
-- Name: django_admin_log; Type: TABLE; Schema: public; Owner: postgres
--

CREATE TABLE public.django_admin_log (
    id integer NOT NULL,
    action_time timestamp with time zone NOT NULL,
    object_id text,
    object_repr character varying(200) NOT NULL,
    action_flag smallint NOT NULL,
    change_message text NOT NULL,
    content_type_id integer,
    user_id bigint NOT NULL,
    CONSTRAINT django_admin_log_action_flag_check CHECK ((action_flag >= 0))
);


ALTER TABLE public.django_admin_log OWNER TO postgres;

--
-- Name: django_admin_log_id_seq; Type: SEQUENCE; Schema: public; Owner: postgres
--

ALTER TABLE public.django_admin_log ALTER COLUMN id ADD GENERATED BY DEFAULT AS IDENTITY (
    SEQUENCE NAME public.django_admin_log_id_seq
    START WITH 1
    INCREMENT BY 1
    NO MINVALUE
    NO MAXVALUE
    CACHE 1
);


--
-- Name: django_celery_beat_clockedschedule; Type: TABLE; Schema: public; Owner: postgres
--

CREATE TABLE public.django_celery_beat_clockedschedule (
    id integer NOT NULL,
    clocked_time timestamp with time zone NOT NULL
);


ALTER TABLE public.django_celery_beat_clockedschedule OWNER TO postgres;

--
-- Name: django_celery_beat_clockedschedule_id_seq; Type: SEQUENCE; Schema: public; Owner: postgres
--

ALTER TABLE public.django_celery_beat_clockedschedule ALTER COLUMN id ADD GENERATED BY DEFAULT AS IDENTITY (
    SEQUENCE NAME public.django_celery_beat_clockedschedule_id_seq
    START WITH 1
    INCREMENT BY 1
    NO MINVALUE
    NO MAXVALUE
    CACHE 1
);


--
-- Name: django_celery_beat_crontabschedule; Type: TABLE; Schema: public; Owner: postgres
--

CREATE TABLE public.django_celery_beat_crontabschedule (
    id integer NOT NULL,
    minute character varying(240) NOT NULL,
    hour character varying(96) NOT NULL,
    day_of_week character varying(64) NOT NULL,
    day_of_month character varying(124) NOT NULL,
    month_of_year character varying(64) NOT NULL,
    timezone character varying(63) NOT NULL
);


ALTER TABLE public.django_celery_beat_crontabschedule OWNER TO postgres;

--
-- Name: django_celery_beat_crontabschedule_id_seq; Type: SEQUENCE; Schema: public; Owner: postgres
--

ALTER TABLE public.django_celery_beat_crontabschedule ALTER COLUMN id ADD GENERATED BY DEFAULT AS IDENTITY (
    SEQUENCE NAME public.django_celery_beat_crontabschedule_id_seq
    START WITH 1
    INCREMENT BY 1
    NO MINVALUE
    NO MAXVALUE
    CACHE 1
);


--
-- Name: django_celery_beat_intervalschedule; Type: TABLE; Schema: public; Owner: postgres
--

CREATE TABLE public.django_celery_beat_intervalschedule (
    id integer NOT NULL,
    every integer NOT NULL,
    period character varying(24) NOT NULL
);


ALTER TABLE public.django_celery_beat_intervalschedule OWNER TO postgres;

--
-- Name: django_celery_beat_intervalschedule_id_seq; Type: SEQUENCE; Schema: public; Owner: postgres
--

ALTER TABLE public.django_celery_beat_intervalschedule ALTER COLUMN id ADD GENERATED BY DEFAULT AS IDENTITY (
    SEQUENCE NAME public.django_celery_beat_intervalschedule_id_seq
    START WITH 1
    INCREMENT BY 1
    NO MINVALUE
    NO MAXVALUE
    CACHE 1
);


--
-- Name: django_celery_beat_periodictask; Type: TABLE; Schema: public; Owner: postgres
--

CREATE TABLE public.django_celery_beat_periodictask (
    id integer NOT NULL,
    name character varying(200) NOT NULL,
    task character varying(200) NOT NULL,
    args text NOT NULL,
    kwargs text NOT NULL,
    queue character varying(200),
    exchange character varying(200),
    routing_key character varying(200),
    expires timestamp with time zone,
    enabled boolean NOT NULL,
    last_run_at timestamp with time zone,
    total_run_count integer NOT NULL,
    date_changed timestamp with time zone NOT NULL,
    description text NOT NULL,
    crontab_id integer,
    interval_id integer,
    solar_id integer,
    one_off boolean NOT NULL,
    start_time timestamp with time zone,
    priority integer,
    headers text NOT NULL,
    clocked_id integer,
    expire_seconds integer,
    CONSTRAINT django_celery_beat_periodictask_expire_seconds_check CHECK ((expire_seconds >= 0)),
    CONSTRAINT django_celery_beat_periodictask_priority_check CHECK ((priority >= 0)),
    CONSTRAINT django_celery_beat_periodictask_total_run_count_check CHECK ((total_run_count >= 0))
);


ALTER TABLE public.django_celery_beat_periodictask OWNER TO postgres;

--
-- Name: django_celery_beat_periodictask_id_seq; Type: SEQUENCE; Schema: public; Owner: postgres
--

ALTER TABLE public.django_celery_beat_periodictask ALTER COLUMN id ADD GENERATED BY DEFAULT AS IDENTITY (
    SEQUENCE NAME public.django_celery_beat_periodictask_id_seq
    START WITH 1
    INCREMENT BY 1
    NO MINVALUE
    NO MAXVALUE
    CACHE 1
);


--
-- Name: django_celery_beat_periodictasks; Type: TABLE; Schema: public; Owner: postgres
--

CREATE TABLE public.django_celery_beat_periodictasks (
    ident smallint NOT NULL,
    last_update timestamp with time zone NOT NULL
);


ALTER TABLE public.django_celery_beat_periodictasks OWNER TO postgres;

--
-- Name: django_celery_beat_solarschedule; Type: TABLE; Schema: public; Owner: postgres
--

CREATE TABLE public.django_celery_beat_solarschedule (
    id integer NOT NULL,
    event character varying(24) NOT NULL,
    latitude numeric(9,6) NOT NULL,
    longitude numeric(9,6) NOT NULL
);


ALTER TABLE public.django_celery_beat_solarschedule OWNER TO postgres;

--
-- Name: django_celery_beat_solarschedule_id_seq; Type: SEQUENCE; Schema: public; Owner: postgres
--

ALTER TABLE public.django_celery_beat_solarschedule ALTER COLUMN id ADD GENERATED BY DEFAULT AS IDENTITY (
    SEQUENCE NAME public.django_celery_beat_solarschedule_id_seq
    START WITH 1
    INCREMENT BY 1
    NO MINVALUE
    NO MAXVALUE
    CACHE 1
);


--
-- Name: django_content_type; Type: TABLE; Schema: public; Owner: postgres
--

CREATE TABLE public.django_content_type (
    id integer NOT NULL,
    app_label character varying(100) NOT NULL,
    model character varying(100) NOT NULL
);


ALTER TABLE public.django_content_type OWNER TO postgres;

--
-- Name: django_content_type_id_seq; Type: SEQUENCE; Schema: public; Owner: postgres
--

ALTER TABLE public.django_content_type ALTER COLUMN id ADD GENERATED BY DEFAULT AS IDENTITY (
    SEQUENCE NAME public.django_content_type_id_seq
    START WITH 1
    INCREMENT BY 1
    NO MINVALUE
    NO MAXVALUE
    CACHE 1
);


--
-- Name: django_migrations; Type: TABLE; Schema: public; Owner: postgres
--

CREATE TABLE public.django_migrations (
    id bigint NOT NULL,
    app character varying(255) NOT NULL,
    name character varying(255) NOT NULL,
    applied timestamp with time zone NOT NULL
);


ALTER TABLE public.django_migrations OWNER TO postgres;

--
-- Name: django_migrations_id_seq; Type: SEQUENCE; Schema: public; Owner: postgres
--

ALTER TABLE public.django_migrations ALTER COLUMN id ADD GENERATED BY DEFAULT AS IDENTITY (
    SEQUENCE NAME public.django_migrations_id_seq
    START WITH 1
    INCREMENT BY 1
    NO MINVALUE
    NO MAXVALUE
    CACHE 1
);


--
-- Name: django_session; Type: TABLE; Schema: public; Owner: postgres
--

CREATE TABLE public.django_session (
    session_key character varying(40) NOT NULL,
    session_data text NOT NULL,
    expire_date timestamp with time zone NOT NULL
);


ALTER TABLE public.django_session OWNER TO postgres;

--
-- Name: education_app_course; Type: TABLE; Schema: public; Owner: postgres
--

CREATE TABLE public.education_app_course (
    id bigint NOT NULL,
    title character varying(150) NOT NULL,
    preview character varying(100),
    description text NOT NULL,
    owner_id bigint
);


ALTER TABLE public.education_app_course OWNER TO postgres;

--
-- Name: education_app_course_id_seq; Type: SEQUENCE; Schema: public; Owner: postgres
--

ALTER TABLE public.education_app_course ALTER COLUMN id ADD GENERATED BY DEFAULT AS IDENTITY (
    SEQUENCE NAME public.education_app_course_id_seq
    START WITH 1
    INCREMENT BY 1
    NO MINVALUE
    NO MAXVALUE
    CACHE 1
);


--
-- Name: education_app_lesson; Type: TABLE; Schema: public; Owner: postgres
--

CREATE TABLE public.education_app_lesson (
    id bigint NOT NULL,
    title character varying(250) NOT NULL,
    description text NOT NULL,
    preview character varying(100),
    url character varying(200) NOT NULL,
    course_id bigint,
    owner_id bigint
);


ALTER TABLE public.education_app_lesson OWNER TO postgres;

--
-- Name: education_app_lesson_id_seq; Type: SEQUENCE; Schema: public; Owner: postgres
--

ALTER TABLE public.education_app_lesson ALTER COLUMN id ADD GENERATED BY DEFAULT AS IDENTITY (
    SEQUENCE NAME public.education_app_lesson_id_seq
    START WITH 1
    INCREMENT BY 1
    NO MINVALUE
    NO MAXVALUE
    CACHE 1
);


--
-- Name: education_app_subscription; Type: TABLE; Schema: public; Owner: postgres
--

CREATE TABLE public.education_app_subscription (
    id bigint NOT NULL,
    course_id bigint NOT NULL,
    user_id bigint NOT NULL
);


ALTER TABLE public.education_app_subscription OWNER TO postgres;

--
-- Name: education_app_subscription_id_seq; Type: SEQUENCE; Schema: public; Owner: postgres
--

ALTER TABLE public.education_app_subscription ALTER COLUMN id ADD GENERATED BY DEFAULT AS IDENTITY (
    SEQUENCE NAME public.education_app_subscription_id_seq
    START WITH 1
    INCREMENT BY 1
    NO MINVALUE
    NO MAXVALUE
    CACHE 1
);


--
-- Name: payment_app_payment; Type: TABLE; Schema: public; Owner: postgres
--

CREATE TABLE public.payment_app_payment (
    id bigint NOT NULL,
    date timestamp with time zone NOT NULL,
    amount integer NOT NULL,
    method character varying(20) NOT NULL,
    user_id bigint NOT NULL,
    paid_course_id bigint,
    paid_lesson_id bigint,
    stripe_id character varying,
    CONSTRAINT payment_app_payment_amount_check CHECK ((amount >= 0))
);


ALTER TABLE public.payment_app_payment OWNER TO postgres;

--
-- Name: payment_app_payment_id_seq; Type: SEQUENCE; Schema: public; Owner: postgres
--

ALTER TABLE public.payment_app_payment ALTER COLUMN id ADD GENERATED BY DEFAULT AS IDENTITY (
    SEQUENCE NAME public.payment_app_payment_id_seq
    START WITH 1
    INCREMENT BY 1
    NO MINVALUE
    NO MAXVALUE
    CACHE 1
);


--
-- Name: users_app_user; Type: TABLE; Schema: public; Owner: postgres
--

CREATE TABLE public.users_app_user (
    id bigint NOT NULL,
    password character varying(128) NOT NULL,
    last_login timestamp with time zone,
    is_superuser boolean NOT NULL,
    is_staff boolean NOT NULL,
    is_active boolean NOT NULL,
    date_joined timestamp with time zone NOT NULL,
    email character varying(254) NOT NULL,
    first_name character varying(150) NOT NULL,
    last_name character varying(150) NOT NULL,
    phone integer,
    city character varying(100),
    avatar character varying(100)
);


ALTER TABLE public.users_app_user OWNER TO postgres;

--
-- Name: users_app_user_groups; Type: TABLE; Schema: public; Owner: postgres
--

CREATE TABLE public.users_app_user_groups (
    id bigint NOT NULL,
    user_id bigint NOT NULL,
    group_id integer NOT NULL
);


ALTER TABLE public.users_app_user_groups OWNER TO postgres;

--
-- Name: users_app_user_groups_id_seq; Type: SEQUENCE; Schema: public; Owner: postgres
--

ALTER TABLE public.users_app_user_groups ALTER COLUMN id ADD GENERATED BY DEFAULT AS IDENTITY (
    SEQUENCE NAME public.users_app_user_groups_id_seq
    START WITH 1
    INCREMENT BY 1
    NO MINVALUE
    NO MAXVALUE
    CACHE 1
);


--
-- Name: users_app_user_id_seq; Type: SEQUENCE; Schema: public; Owner: postgres
--

ALTER TABLE public.users_app_user ALTER COLUMN id ADD GENERATED BY DEFAULT AS IDENTITY (
    SEQUENCE NAME public.users_app_user_id_seq
    START WITH 1
    INCREMENT BY 1
    NO MINVALUE
    NO MAXVALUE
    CACHE 1
);


--
-- Name: users_app_user_user_permissions; Type: TABLE; Schema: public; Owner: postgres
--

CREATE TABLE public.users_app_user_user_permissions (
    id bigint NOT NULL,
    user_id bigint NOT NULL,
    permission_id integer NOT NULL
);


ALTER TABLE public.users_app_user_user_permissions OWNER TO postgres;

--
-- Name: users_app_user_user_permissions_id_seq; Type: SEQUENCE; Schema: public; Owner: postgres
--

ALTER TABLE public.users_app_user_user_permissions ALTER COLUMN id ADD GENERATED BY DEFAULT AS IDENTITY (
    SEQUENCE NAME public.users_app_user_user_permissions_id_seq
    START WITH 1
    INCREMENT BY 1
    NO MINVALUE
    NO MAXVALUE
    CACHE 1
);


--
-- Data for Name: auth_group; Type: TABLE DATA; Schema: public; Owner: postgres
--

COPY public.auth_group (id, name) FROM stdin;
1	moderators
\.


--
-- Data for Name: auth_group_permissions; Type: TABLE DATA; Schema: public; Owner: postgres
--

COPY public.auth_group_permissions (id, group_id, permission_id) FROM stdin;
1	1	32
2	1	26
3	1	28
4	1	30
\.


--
-- Data for Name: auth_permission; Type: TABLE DATA; Schema: public; Owner: postgres
--

COPY public.auth_permission (id, name, content_type_id, codename) FROM stdin;
1	Can add log entry	1	add_logentry
2	Can change log entry	1	change_logentry
3	Can delete log entry	1	delete_logentry
4	Can view log entry	1	view_logentry
5	Can add permission	2	add_permission
6	Can change permission	2	change_permission
7	Can delete permission	2	delete_permission
8	Can view permission	2	view_permission
9	Can add group	3	add_group
10	Can change group	3	change_group
11	Can delete group	3	delete_group
12	Can view group	3	view_group
13	Can add content type	4	add_contenttype
14	Can change content type	4	change_contenttype
15	Can delete content type	4	delete_contenttype
16	Can view content type	4	view_contenttype
17	Can add session	5	add_session
18	Can change session	5	change_session
19	Can delete session	5	delete_session
20	Can view session	5	view_session
21	Can add Пользователь	6	add_user
22	Can change Пользователь	6	change_user
23	Can delete Пользователь	6	delete_user
24	Can view Пользователь	6	view_user
25	Can add Курс	7	add_course
26	Can change Курс	7	change_course
27	Can delete Курс	7	delete_course
28	Can view Курс	7	view_course
29	Can add Урок	8	add_lesson
30	Can change Урок	8	change_lesson
31	Can delete Урок	8	delete_lesson
32	Can view Урок	8	view_lesson
33	Can add payment	9	add_payment
34	Can change payment	9	change_payment
35	Can delete payment	9	delete_payment
36	Can view payment	9	view_payment
37	Can add subscription	10	add_subscription
38	Can change subscription	10	change_subscription
39	Can delete subscription	10	delete_subscription
40	Can view subscription	10	view_subscription
41	Can add crontab	11	add_crontabschedule
42	Can change crontab	11	change_crontabschedule
43	Can delete crontab	11	delete_crontabschedule
44	Can view crontab	11	view_crontabschedule
45	Can add interval	12	add_intervalschedule
46	Can change interval	12	change_intervalschedule
47	Can delete interval	12	delete_intervalschedule
48	Can view interval	12	view_intervalschedule
49	Can add periodic task	13	add_periodictask
50	Can change periodic task	13	change_periodictask
51	Can delete periodic task	13	delete_periodictask
52	Can view periodic task	13	view_periodictask
53	Can add periodic tasks	14	add_periodictasks
54	Can change periodic tasks	14	change_periodictasks
55	Can delete periodic tasks	14	delete_periodictasks
56	Can view periodic tasks	14	view_periodictasks
57	Can add solar event	15	add_solarschedule
58	Can change solar event	15	change_solarschedule
59	Can delete solar event	15	delete_solarschedule
60	Can view solar event	15	view_solarschedule
61	Can add clocked	16	add_clockedschedule
62	Can change clocked	16	change_clockedschedule
63	Can delete clocked	16	delete_clockedschedule
64	Can view clocked	16	view_clockedschedule
\.


--
-- Data for Name: django_admin_log; Type: TABLE DATA; Schema: public; Owner: postgres
--

COPY public.django_admin_log (id, action_time, object_id, object_repr, action_flag, change_message, content_type_id, user_id) FROM stdin;
\.


--
-- Data for Name: django_celery_beat_clockedschedule; Type: TABLE DATA; Schema: public; Owner: postgres
--

COPY public.django_celery_beat_clockedschedule (id, clocked_time) FROM stdin;
\.


--
-- Data for Name: django_celery_beat_crontabschedule; Type: TABLE DATA; Schema: public; Owner: postgres
--

COPY public.django_celery_beat_crontabschedule (id, minute, hour, day_of_week, day_of_month, month_of_year, timezone) FROM stdin;
1	0	4	*	*	*	Australia/Tasmania
\.


--
-- Data for Name: django_celery_beat_intervalschedule; Type: TABLE DATA; Schema: public; Owner: postgres
--

COPY public.django_celery_beat_intervalschedule (id, every, period) FROM stdin;
1	60	seconds
\.


--
-- Data for Name: django_celery_beat_periodictask; Type: TABLE DATA; Schema: public; Owner: postgres
--

COPY public.django_celery_beat_periodictask (id, name, task, args, kwargs, queue, exchange, routing_key, expires, enabled, last_run_at, total_run_count, date_changed, description, crontab_id, interval_id, solar_id, one_off, start_time, priority, headers, clocked_id, expire_seconds) FROM stdin;
1	celery.backend_cleanup	celery.backend_cleanup	[]	{}	\N	\N	\N	\N	t	\N	0	2023-11-23 16:50:03.491531+05		1	\N	\N	f	\N	\N	{}	\N	43200
2	task-name	users_app.tasks.check_user_activity	[]	{}	\N	\N	\N	\N	t	2023-11-23 16:50:03.568558+05	7	2023-11-23 16:50:03.602463+05		\N	1	\N	f	\N	\N	{}	\N	\N
\.


--
-- Data for Name: django_celery_beat_periodictasks; Type: TABLE DATA; Schema: public; Owner: postgres
--

COPY public.django_celery_beat_periodictasks (ident, last_update) FROM stdin;
1	2023-11-23 16:50:03.513959+05
\.


--
-- Data for Name: django_celery_beat_solarschedule; Type: TABLE DATA; Schema: public; Owner: postgres
--

COPY public.django_celery_beat_solarschedule (id, event, latitude, longitude) FROM stdin;
\.


--
-- Data for Name: django_content_type; Type: TABLE DATA; Schema: public; Owner: postgres
--

COPY public.django_content_type (id, app_label, model) FROM stdin;
1	admin	logentry
2	auth	permission
3	auth	group
4	contenttypes	contenttype
5	sessions	session
6	users_app	user
7	education_app	course
8	education_app	lesson
9	payment_app	payment
10	education_app	subscription
11	django_celery_beat	crontabschedule
12	django_celery_beat	intervalschedule
13	django_celery_beat	periodictask
14	django_celery_beat	periodictasks
15	django_celery_beat	solarschedule
16	django_celery_beat	clockedschedule
\.


--
-- Data for Name: django_migrations; Type: TABLE DATA; Schema: public; Owner: postgres
--

COPY public.django_migrations (id, app, name, applied) FROM stdin;
1	contenttypes	0001_initial	2023-11-10 09:53:35.122967+05
2	contenttypes	0002_remove_content_type_name	2023-11-10 09:53:35.127859+05
3	auth	0001_initial	2023-11-10 09:53:35.162804+05
4	auth	0002_alter_permission_name_max_length	2023-11-10 09:53:35.167778+05
5	auth	0003_alter_user_email_max_length	2023-11-10 09:53:35.17492+05
6	auth	0004_alter_user_username_opts	2023-11-10 09:53:35.179727+05
7	auth	0005_alter_user_last_login_null	2023-11-10 09:53:35.185297+05
8	auth	0006_require_contenttypes_0002	2023-11-10 09:53:35.187423+05
9	auth	0007_alter_validators_add_error_messages	2023-11-10 09:53:35.192419+05
10	auth	0008_alter_user_username_max_length	2023-11-10 09:53:35.197878+05
11	auth	0009_alter_user_last_name_max_length	2023-11-10 09:53:35.203092+05
12	auth	0010_alter_group_name_max_length	2023-11-10 09:53:35.208718+05
13	auth	0011_update_proxy_permissions	2023-11-10 09:53:35.212996+05
14	auth	0012_alter_user_first_name_max_length	2023-11-10 09:53:35.218105+05
15	users_app	0001_initial	2023-11-10 09:53:35.249084+05
16	admin	0001_initial	2023-11-10 09:53:35.267939+05
17	admin	0002_logentry_remove_auto_add	2023-11-10 09:53:35.275893+05
18	admin	0003_logentry_add_action_flag_choices	2023-11-10 09:53:35.283024+05
19	sessions	0001_initial	2023-11-10 09:53:35.29672+05
20	education_app	0001_initial	2023-11-10 10:15:04.292172+05
21	education_app	0002_lesson_course	2023-11-11 14:21:05.296877+05
22	payment_app	0001_initial	2023-11-11 15:02:47.296457+05
23	payment_app	0002_remove_payment_paid_object_payment_paid_course_and_more	2023-11-11 15:15:31.548379+05
24	education_app	0003_course_owner_lesson_owner	2023-11-14 16:01:39.692828+05
25	education_app	0004_subscription	2023-11-16 11:34:16.186585+05
26	education_app	0005_remove_subscription_is_active_and_more	2023-11-16 11:45:53.416869+05
27	payment_app	0003_payment_stripe_id	2023-11-22 10:22:23.618238+05
28	django_celery_beat	0001_initial	2023-11-23 13:07:37.793661+05
29	django_celery_beat	0002_auto_20161118_0346	2023-11-23 13:07:37.8068+05
30	django_celery_beat	0003_auto_20161209_0049	2023-11-23 13:07:37.815125+05
31	django_celery_beat	0004_auto_20170221_0000	2023-11-23 13:07:37.819763+05
32	django_celery_beat	0005_add_solarschedule_events_choices	2023-11-23 13:07:37.82662+05
33	django_celery_beat	0006_auto_20180322_0932	2023-11-23 13:07:37.855444+05
34	django_celery_beat	0007_auto_20180521_0826	2023-11-23 13:07:37.868583+05
35	django_celery_beat	0008_auto_20180914_1922	2023-11-23 13:07:37.885193+05
36	django_celery_beat	0006_auto_20180210_1226	2023-11-23 13:07:37.897951+05
37	django_celery_beat	0006_periodictask_priority	2023-11-23 13:07:37.905814+05
38	django_celery_beat	0009_periodictask_headers	2023-11-23 13:07:37.913644+05
39	django_celery_beat	0010_auto_20190429_0326	2023-11-23 13:07:38.02563+05
40	django_celery_beat	0011_auto_20190508_0153	2023-11-23 13:07:38.0481+05
41	django_celery_beat	0012_periodictask_expire_seconds	2023-11-23 13:07:38.057877+05
42	django_celery_beat	0013_auto_20200609_0727	2023-11-23 13:07:38.065123+05
43	django_celery_beat	0014_remove_clockedschedule_enabled	2023-11-23 13:07:38.07082+05
44	django_celery_beat	0015_edit_solarschedule_events_choices	2023-11-23 13:07:38.077256+05
45	django_celery_beat	0016_alter_crontabschedule_timezone	2023-11-23 13:07:38.082663+05
46	django_celery_beat	0017_alter_crontabschedule_month_of_year	2023-11-23 13:07:38.087565+05
47	django_celery_beat	0018_improve_crontab_helptext	2023-11-23 13:07:38.092782+05
\.


--
-- Data for Name: django_session; Type: TABLE DATA; Schema: public; Owner: postgres
--

COPY public.django_session (session_key, session_data, expire_date) FROM stdin;
33bm9vsd4hb5e4s7nq1o3kylelfh7ist	.eJxVjDsOwjAQBe_iGlnxP6akzxms9e6CA8iW4qRC3B0ipYD2zcx7iQTbWtLWeUkzibPQ4vS7ZcAH1x3QHeqtSWx1XeYsd0UetMupET8vh_t3UKCXbz1yBJVdUINm64MidMRqzC57MsT-6gfn2EYDwXgKyBGNzsYay4hko3h_AOPgOA0:1r2pCQ:bS5GTXTXKRSkkUo1bkvyaODTs71gNnMFrBPREyh5zDw	2023-11-28 13:55:10.849129+05
oj5w9kohasdw5wmm7pczdb775354fo8k	.eJxVjMsOwiAQRf-FtSGdgjxcuvcbyDAMUjWQlHZl_HfbpAvdnnPufYuA61LC2nkOUxIXYcXpl0WkJ9ddpAfWe5PU6jJPUe6JPGyXt5b4dT3av4OCvWxrNtFmBDbGDDZpbckpAK0ze8o-uzETgHMR3chn6wcwg6FkVU64AVDi8wXlXze5:1r62z7:v_GxaiL2giJtaU8ke8v_BjbF1u-ziuOaYcY9qRwPKMs	2023-12-07 11:14:45.523949+05
\.


--
-- Data for Name: education_app_course; Type: TABLE DATA; Schema: public; Owner: postgres
--

COPY public.education_app_course (id, title, preview, description, owner_id) FROM stdin;
3	Test Course		Это материал bez ssylok	\N
2	First Course, babe!		test course for fun	\N
\.


--
-- Data for Name: education_app_lesson; Type: TABLE DATA; Schema: public; Owner: postgres
--

COPY public.education_app_lesson (id, title, description, preview, url, course_id, owner_id) FROM stdin;
3	Second Lesson	svoe API snova		https://www.youtube.com/watch?v=-47Q_ggvggM	2	\N
2	First Lesson	svoe API-Puppy		https://www.youtube.com/watch?v=-47Q_ggvggM	2	\N
4	Another Lesson	то материал с внешней ссылкой: https://www.youtube.com/watch?v=txe_XkqSCzU		https://www.youtube.com/watch?v=-47Q_ggvggM	2	\N
5	Another Lesson 2	Это материал без ссылок		https://www.youtube.com/watch?v=-47Q_ggvggM	2	\N
\.


--
-- Data for Name: education_app_subscription; Type: TABLE DATA; Schema: public; Owner: postgres
--

COPY public.education_app_subscription (id, course_id, user_id) FROM stdin;
3	2	7
\.


--
-- Data for Name: payment_app_payment; Type: TABLE DATA; Schema: public; Owner: postgres
--

COPY public.payment_app_payment (id, date, amount, method, user_id, paid_course_id, paid_lesson_id, stripe_id) FROM stdin;
3	2023-11-14 14:46:53.495593+05	100	cash	7	2	\N	\N
4	2023-11-22 09:40:42.227668+05	10000	transfer	7	2	\N	\N
5	2023-11-22 10:08:20.220579+05	20000	transfer	7	2	\N	\N
6	2023-11-22 10:10:49.334305+05	30000	transfer	7	2	\N	\N
7	2023-11-22 10:12:48.572101+05	40000	transfer	7	2	\N	\N
8	2023-11-22 10:14:18.366494+05	50000	transfer	7	2	\N	\N
9	2023-11-22 10:15:20.473084+05	50000	transfer	7	2	\N	\N
10	2023-11-22 10:23:59.409061+05	20100	transfer	7	2	\N	\N
11	2023-11-22 10:33:34.382371+05	30000	transfer	7	2	\N	\N
12	2023-11-22 10:36:24.986571+05	100	transfer	7	2	\N	pi_3OF96rBg1qzTRWOB1AP0RqYD
\.


--
-- Data for Name: users_app_user; Type: TABLE DATA; Schema: public; Owner: postgres
--

COPY public.users_app_user (id, password, last_login, is_superuser, is_staff, is_active, date_joined, email, first_name, last_name, phone, city, avatar) FROM stdin;
7	pbkdf2_sha256$600000$7F5Mz128ps7vwvpHM9ND5V$/rJfOxh4DWzWl29+syrOb4HGNI8B/TzMBzPA77ysJQo=	2023-11-23 11:14:45.518039+05	t	t	t	2023-11-14 14:45:26.501825+05	m@sster.ru	Roman	Tagirov	\N	\N	
\.


--
-- Data for Name: users_app_user_groups; Type: TABLE DATA; Schema: public; Owner: postgres
--

COPY public.users_app_user_groups (id, user_id, group_id) FROM stdin;
\.


--
-- Data for Name: users_app_user_user_permissions; Type: TABLE DATA; Schema: public; Owner: postgres
--

COPY public.users_app_user_user_permissions (id, user_id, permission_id) FROM stdin;
\.


--
-- Name: auth_group_id_seq; Type: SEQUENCE SET; Schema: public; Owner: postgres
--

SELECT pg_catalog.setval('public.auth_group_id_seq', 1, true);


--
-- Name: auth_group_permissions_id_seq; Type: SEQUENCE SET; Schema: public; Owner: postgres
--

SELECT pg_catalog.setval('public.auth_group_permissions_id_seq', 4, true);


--
-- Name: auth_permission_id_seq; Type: SEQUENCE SET; Schema: public; Owner: postgres
--

SELECT pg_catalog.setval('public.auth_permission_id_seq', 64, true);


--
-- Name: django_admin_log_id_seq; Type: SEQUENCE SET; Schema: public; Owner: postgres
--

SELECT pg_catalog.setval('public.django_admin_log_id_seq', 1, true);


--
-- Name: django_celery_beat_clockedschedule_id_seq; Type: SEQUENCE SET; Schema: public; Owner: postgres
--

SELECT pg_catalog.setval('public.django_celery_beat_clockedschedule_id_seq', 1, false);


--
-- Name: django_celery_beat_crontabschedule_id_seq; Type: SEQUENCE SET; Schema: public; Owner: postgres
--

SELECT pg_catalog.setval('public.django_celery_beat_crontabschedule_id_seq', 1, true);


--
-- Name: django_celery_beat_intervalschedule_id_seq; Type: SEQUENCE SET; Schema: public; Owner: postgres
--

SELECT pg_catalog.setval('public.django_celery_beat_intervalschedule_id_seq', 1, true);


--
-- Name: django_celery_beat_periodictask_id_seq; Type: SEQUENCE SET; Schema: public; Owner: postgres
--

SELECT pg_catalog.setval('public.django_celery_beat_periodictask_id_seq', 2, true);


--
-- Name: django_celery_beat_solarschedule_id_seq; Type: SEQUENCE SET; Schema: public; Owner: postgres
--

SELECT pg_catalog.setval('public.django_celery_beat_solarschedule_id_seq', 1, false);


--
-- Name: django_content_type_id_seq; Type: SEQUENCE SET; Schema: public; Owner: postgres
--

SELECT pg_catalog.setval('public.django_content_type_id_seq', 16, true);


--
-- Name: django_migrations_id_seq; Type: SEQUENCE SET; Schema: public; Owner: postgres
--

SELECT pg_catalog.setval('public.django_migrations_id_seq', 47, true);


--
-- Name: education_app_course_id_seq; Type: SEQUENCE SET; Schema: public; Owner: postgres
--

SELECT pg_catalog.setval('public.education_app_course_id_seq', 3, true);


--
-- Name: education_app_lesson_id_seq; Type: SEQUENCE SET; Schema: public; Owner: postgres
--

SELECT pg_catalog.setval('public.education_app_lesson_id_seq', 5, true);


--
-- Name: education_app_subscription_id_seq; Type: SEQUENCE SET; Schema: public; Owner: postgres
--

SELECT pg_catalog.setval('public.education_app_subscription_id_seq', 3, true);


--
-- Name: payment_app_payment_id_seq; Type: SEQUENCE SET; Schema: public; Owner: postgres
--

SELECT pg_catalog.setval('public.payment_app_payment_id_seq', 12, true);


--
-- Name: users_app_user_groups_id_seq; Type: SEQUENCE SET; Schema: public; Owner: postgres
--

SELECT pg_catalog.setval('public.users_app_user_groups_id_seq', 1, false);


--
-- Name: users_app_user_id_seq; Type: SEQUENCE SET; Schema: public; Owner: postgres
--

SELECT pg_catalog.setval('public.users_app_user_id_seq', 7, true);


--
-- Name: users_app_user_user_permissions_id_seq; Type: SEQUENCE SET; Schema: public; Owner: postgres
--

SELECT pg_catalog.setval('public.users_app_user_user_permissions_id_seq', 1, false);


--
-- Name: auth_group auth_group_name_key; Type: CONSTRAINT; Schema: public; Owner: postgres
--

ALTER TABLE ONLY public.auth_group
    ADD CONSTRAINT auth_group_name_key UNIQUE (name);


--
-- Name: auth_group_permissions auth_group_permissions_group_id_permission_id_0cd325b0_uniq; Type: CONSTRAINT; Schema: public; Owner: postgres
--

ALTER TABLE ONLY public.auth_group_permissions
    ADD CONSTRAINT auth_group_permissions_group_id_permission_id_0cd325b0_uniq UNIQUE (group_id, permission_id);


--
-- Name: auth_group_permissions auth_group_permissions_pkey; Type: CONSTRAINT; Schema: public; Owner: postgres
--

ALTER TABLE ONLY public.auth_group_permissions
    ADD CONSTRAINT auth_group_permissions_pkey PRIMARY KEY (id);


--
-- Name: auth_group auth_group_pkey; Type: CONSTRAINT; Schema: public; Owner: postgres
--

ALTER TABLE ONLY public.auth_group
    ADD CONSTRAINT auth_group_pkey PRIMARY KEY (id);


--
-- Name: auth_permission auth_permission_content_type_id_codename_01ab375a_uniq; Type: CONSTRAINT; Schema: public; Owner: postgres
--

ALTER TABLE ONLY public.auth_permission
    ADD CONSTRAINT auth_permission_content_type_id_codename_01ab375a_uniq UNIQUE (content_type_id, codename);


--
-- Name: auth_permission auth_permission_pkey; Type: CONSTRAINT; Schema: public; Owner: postgres
--

ALTER TABLE ONLY public.auth_permission
    ADD CONSTRAINT auth_permission_pkey PRIMARY KEY (id);


--
-- Name: django_admin_log django_admin_log_pkey; Type: CONSTRAINT; Schema: public; Owner: postgres
--

ALTER TABLE ONLY public.django_admin_log
    ADD CONSTRAINT django_admin_log_pkey PRIMARY KEY (id);


--
-- Name: django_celery_beat_clockedschedule django_celery_beat_clockedschedule_pkey; Type: CONSTRAINT; Schema: public; Owner: postgres
--

ALTER TABLE ONLY public.django_celery_beat_clockedschedule
    ADD CONSTRAINT django_celery_beat_clockedschedule_pkey PRIMARY KEY (id);


--
-- Name: django_celery_beat_crontabschedule django_celery_beat_crontabschedule_pkey; Type: CONSTRAINT; Schema: public; Owner: postgres
--

ALTER TABLE ONLY public.django_celery_beat_crontabschedule
    ADD CONSTRAINT django_celery_beat_crontabschedule_pkey PRIMARY KEY (id);


--
-- Name: django_celery_beat_intervalschedule django_celery_beat_intervalschedule_pkey; Type: CONSTRAINT; Schema: public; Owner: postgres
--

ALTER TABLE ONLY public.django_celery_beat_intervalschedule
    ADD CONSTRAINT django_celery_beat_intervalschedule_pkey PRIMARY KEY (id);


--
-- Name: django_celery_beat_periodictask django_celery_beat_periodictask_name_key; Type: CONSTRAINT; Schema: public; Owner: postgres
--

ALTER TABLE ONLY public.django_celery_beat_periodictask
    ADD CONSTRAINT django_celery_beat_periodictask_name_key UNIQUE (name);


--
-- Name: django_celery_beat_periodictask django_celery_beat_periodictask_pkey; Type: CONSTRAINT; Schema: public; Owner: postgres
--

ALTER TABLE ONLY public.django_celery_beat_periodictask
    ADD CONSTRAINT django_celery_beat_periodictask_pkey PRIMARY KEY (id);


--
-- Name: django_celery_beat_periodictasks django_celery_beat_periodictasks_pkey; Type: CONSTRAINT; Schema: public; Owner: postgres
--

ALTER TABLE ONLY public.django_celery_beat_periodictasks
    ADD CONSTRAINT django_celery_beat_periodictasks_pkey PRIMARY KEY (ident);


--
-- Name: django_celery_beat_solarschedule django_celery_beat_solar_event_latitude_longitude_ba64999a_uniq; Type: CONSTRAINT; Schema: public; Owner: postgres
--

ALTER TABLE ONLY public.django_celery_beat_solarschedule
    ADD CONSTRAINT django_celery_beat_solar_event_latitude_longitude_ba64999a_uniq UNIQUE (event, latitude, longitude);


--
-- Name: django_celery_beat_solarschedule django_celery_beat_solarschedule_pkey; Type: CONSTRAINT; Schema: public; Owner: postgres
--

ALTER TABLE ONLY public.django_celery_beat_solarschedule
    ADD CONSTRAINT django_celery_beat_solarschedule_pkey PRIMARY KEY (id);


--
-- Name: django_content_type django_content_type_app_label_model_76bd3d3b_uniq; Type: CONSTRAINT; Schema: public; Owner: postgres
--

ALTER TABLE ONLY public.django_content_type
    ADD CONSTRAINT django_content_type_app_label_model_76bd3d3b_uniq UNIQUE (app_label, model);


--
-- Name: django_content_type django_content_type_pkey; Type: CONSTRAINT; Schema: public; Owner: postgres
--

ALTER TABLE ONLY public.django_content_type
    ADD CONSTRAINT django_content_type_pkey PRIMARY KEY (id);


--
-- Name: django_migrations django_migrations_pkey; Type: CONSTRAINT; Schema: public; Owner: postgres
--

ALTER TABLE ONLY public.django_migrations
    ADD CONSTRAINT django_migrations_pkey PRIMARY KEY (id);


--
-- Name: django_session django_session_pkey; Type: CONSTRAINT; Schema: public; Owner: postgres
--

ALTER TABLE ONLY public.django_session
    ADD CONSTRAINT django_session_pkey PRIMARY KEY (session_key);


--
-- Name: education_app_course education_app_course_pkey; Type: CONSTRAINT; Schema: public; Owner: postgres
--

ALTER TABLE ONLY public.education_app_course
    ADD CONSTRAINT education_app_course_pkey PRIMARY KEY (id);


--
-- Name: education_app_lesson education_app_lesson_pkey; Type: CONSTRAINT; Schema: public; Owner: postgres
--

ALTER TABLE ONLY public.education_app_lesson
    ADD CONSTRAINT education_app_lesson_pkey PRIMARY KEY (id);


--
-- Name: education_app_subscription education_app_subscription_pkey; Type: CONSTRAINT; Schema: public; Owner: postgres
--

ALTER TABLE ONLY public.education_app_subscription
    ADD CONSTRAINT education_app_subscription_pkey PRIMARY KEY (id);


--
-- Name: payment_app_payment payment_app_payment_pkey; Type: CONSTRAINT; Schema: public; Owner: postgres
--

ALTER TABLE ONLY public.payment_app_payment
    ADD CONSTRAINT payment_app_payment_pkey PRIMARY KEY (id);


--
-- Name: education_app_subscription unique_subscription; Type: CONSTRAINT; Schema: public; Owner: postgres
--

ALTER TABLE ONLY public.education_app_subscription
    ADD CONSTRAINT unique_subscription UNIQUE (user_id, course_id);


--
-- Name: users_app_user users_app_user_email_key; Type: CONSTRAINT; Schema: public; Owner: postgres
--

ALTER TABLE ONLY public.users_app_user
    ADD CONSTRAINT users_app_user_email_key UNIQUE (email);


--
-- Name: users_app_user_groups users_app_user_groups_pkey; Type: CONSTRAINT; Schema: public; Owner: postgres
--

ALTER TABLE ONLY public.users_app_user_groups
    ADD CONSTRAINT users_app_user_groups_pkey PRIMARY KEY (id);


--
-- Name: users_app_user_groups users_app_user_groups_user_id_group_id_b9b6bdae_uniq; Type: CONSTRAINT; Schema: public; Owner: postgres
--

ALTER TABLE ONLY public.users_app_user_groups
    ADD CONSTRAINT users_app_user_groups_user_id_group_id_b9b6bdae_uniq UNIQUE (user_id, group_id);


--
-- Name: users_app_user users_app_user_pkey; Type: CONSTRAINT; Schema: public; Owner: postgres
--

ALTER TABLE ONLY public.users_app_user
    ADD CONSTRAINT users_app_user_pkey PRIMARY KEY (id);


--
-- Name: users_app_user_user_permissions users_app_user_user_perm_user_id_permission_id_46656a4a_uniq; Type: CONSTRAINT; Schema: public; Owner: postgres
--

ALTER TABLE ONLY public.users_app_user_user_permissions
    ADD CONSTRAINT users_app_user_user_perm_user_id_permission_id_46656a4a_uniq UNIQUE (user_id, permission_id);


--
-- Name: users_app_user_user_permissions users_app_user_user_permissions_pkey; Type: CONSTRAINT; Schema: public; Owner: postgres
--

ALTER TABLE ONLY public.users_app_user_user_permissions
    ADD CONSTRAINT users_app_user_user_permissions_pkey PRIMARY KEY (id);


--
-- Name: auth_group_name_a6ea08ec_like; Type: INDEX; Schema: public; Owner: postgres
--

CREATE INDEX auth_group_name_a6ea08ec_like ON public.auth_group USING btree (name varchar_pattern_ops);


--
-- Name: auth_group_permissions_group_id_b120cbf9; Type: INDEX; Schema: public; Owner: postgres
--

CREATE INDEX auth_group_permissions_group_id_b120cbf9 ON public.auth_group_permissions USING btree (group_id);


--
-- Name: auth_group_permissions_permission_id_84c5c92e; Type: INDEX; Schema: public; Owner: postgres
--

CREATE INDEX auth_group_permissions_permission_id_84c5c92e ON public.auth_group_permissions USING btree (permission_id);


--
-- Name: auth_permission_content_type_id_2f476e4b; Type: INDEX; Schema: public; Owner: postgres
--

CREATE INDEX auth_permission_content_type_id_2f476e4b ON public.auth_permission USING btree (content_type_id);


--
-- Name: django_admin_log_content_type_id_c4bce8eb; Type: INDEX; Schema: public; Owner: postgres
--

CREATE INDEX django_admin_log_content_type_id_c4bce8eb ON public.django_admin_log USING btree (content_type_id);


--
-- Name: django_admin_log_user_id_c564eba6; Type: INDEX; Schema: public; Owner: postgres
--

CREATE INDEX django_admin_log_user_id_c564eba6 ON public.django_admin_log USING btree (user_id);


--
-- Name: django_celery_beat_periodictask_clocked_id_47a69f82; Type: INDEX; Schema: public; Owner: postgres
--

CREATE INDEX django_celery_beat_periodictask_clocked_id_47a69f82 ON public.django_celery_beat_periodictask USING btree (clocked_id);


--
-- Name: django_celery_beat_periodictask_crontab_id_d3cba168; Type: INDEX; Schema: public; Owner: postgres
--

CREATE INDEX django_celery_beat_periodictask_crontab_id_d3cba168 ON public.django_celery_beat_periodictask USING btree (crontab_id);


--
-- Name: django_celery_beat_periodictask_interval_id_a8ca27da; Type: INDEX; Schema: public; Owner: postgres
--

CREATE INDEX django_celery_beat_periodictask_interval_id_a8ca27da ON public.django_celery_beat_periodictask USING btree (interval_id);


--
-- Name: django_celery_beat_periodictask_name_265a36b7_like; Type: INDEX; Schema: public; Owner: postgres
--

CREATE INDEX django_celery_beat_periodictask_name_265a36b7_like ON public.django_celery_beat_periodictask USING btree (name varchar_pattern_ops);


--
-- Name: django_celery_beat_periodictask_solar_id_a87ce72c; Type: INDEX; Schema: public; Owner: postgres
--

CREATE INDEX django_celery_beat_periodictask_solar_id_a87ce72c ON public.django_celery_beat_periodictask USING btree (solar_id);


--
-- Name: django_session_expire_date_a5c62663; Type: INDEX; Schema: public; Owner: postgres
--

CREATE INDEX django_session_expire_date_a5c62663 ON public.django_session USING btree (expire_date);


--
-- Name: django_session_session_key_c0390e0f_like; Type: INDEX; Schema: public; Owner: postgres
--

CREATE INDEX django_session_session_key_c0390e0f_like ON public.django_session USING btree (session_key varchar_pattern_ops);


--
-- Name: education_app_course_owner_id_ef7df33c; Type: INDEX; Schema: public; Owner: postgres
--

CREATE INDEX education_app_course_owner_id_ef7df33c ON public.education_app_course USING btree (owner_id);


--
-- Name: education_app_lesson_course_id_302dd957; Type: INDEX; Schema: public; Owner: postgres
--

CREATE INDEX education_app_lesson_course_id_302dd957 ON public.education_app_lesson USING btree (course_id);


--
-- Name: education_app_lesson_owner_id_d0972316; Type: INDEX; Schema: public; Owner: postgres
--

CREATE INDEX education_app_lesson_owner_id_d0972316 ON public.education_app_lesson USING btree (owner_id);


--
-- Name: education_app_subscription_course_id_c4b0bf6d; Type: INDEX; Schema: public; Owner: postgres
--

CREATE INDEX education_app_subscription_course_id_c4b0bf6d ON public.education_app_subscription USING btree (course_id);


--
-- Name: education_app_subscription_user_id_617383a3; Type: INDEX; Schema: public; Owner: postgres
--

CREATE INDEX education_app_subscription_user_id_617383a3 ON public.education_app_subscription USING btree (user_id);


--
-- Name: payment_app_payment_paid_course_id_ab02ad8f; Type: INDEX; Schema: public; Owner: postgres
--

CREATE INDEX payment_app_payment_paid_course_id_ab02ad8f ON public.payment_app_payment USING btree (paid_course_id);


--
-- Name: payment_app_payment_paid_lesson_id_9fc5b55a; Type: INDEX; Schema: public; Owner: postgres
--

CREATE INDEX payment_app_payment_paid_lesson_id_9fc5b55a ON public.payment_app_payment USING btree (paid_lesson_id);


--
-- Name: payment_app_payment_user_id_65850508; Type: INDEX; Schema: public; Owner: postgres
--

CREATE INDEX payment_app_payment_user_id_65850508 ON public.payment_app_payment USING btree (user_id);


--
-- Name: users_app_user_email_3518d605_like; Type: INDEX; Schema: public; Owner: postgres
--

CREATE INDEX users_app_user_email_3518d605_like ON public.users_app_user USING btree (email varchar_pattern_ops);


--
-- Name: users_app_user_groups_group_id_a248c506; Type: INDEX; Schema: public; Owner: postgres
--

CREATE INDEX users_app_user_groups_group_id_a248c506 ON public.users_app_user_groups USING btree (group_id);


--
-- Name: users_app_user_groups_user_id_0fb09204; Type: INDEX; Schema: public; Owner: postgres
--

CREATE INDEX users_app_user_groups_user_id_0fb09204 ON public.users_app_user_groups USING btree (user_id);


--
-- Name: users_app_user_user_permissions_permission_id_61fe1390; Type: INDEX; Schema: public; Owner: postgres
--

CREATE INDEX users_app_user_user_permissions_permission_id_61fe1390 ON public.users_app_user_user_permissions USING btree (permission_id);


--
-- Name: users_app_user_user_permissions_user_id_ed0fe1b8; Type: INDEX; Schema: public; Owner: postgres
--

CREATE INDEX users_app_user_user_permissions_user_id_ed0fe1b8 ON public.users_app_user_user_permissions USING btree (user_id);


--
-- Name: auth_group_permissions auth_group_permissio_permission_id_84c5c92e_fk_auth_perm; Type: FK CONSTRAINT; Schema: public; Owner: postgres
--

ALTER TABLE ONLY public.auth_group_permissions
    ADD CONSTRAINT auth_group_permissio_permission_id_84c5c92e_fk_auth_perm FOREIGN KEY (permission_id) REFERENCES public.auth_permission(id) DEFERRABLE INITIALLY DEFERRED;


--
-- Name: auth_group_permissions auth_group_permissions_group_id_b120cbf9_fk_auth_group_id; Type: FK CONSTRAINT; Schema: public; Owner: postgres
--

ALTER TABLE ONLY public.auth_group_permissions
    ADD CONSTRAINT auth_group_permissions_group_id_b120cbf9_fk_auth_group_id FOREIGN KEY (group_id) REFERENCES public.auth_group(id) DEFERRABLE INITIALLY DEFERRED;


--
-- Name: auth_permission auth_permission_content_type_id_2f476e4b_fk_django_co; Type: FK CONSTRAINT; Schema: public; Owner: postgres
--

ALTER TABLE ONLY public.auth_permission
    ADD CONSTRAINT auth_permission_content_type_id_2f476e4b_fk_django_co FOREIGN KEY (content_type_id) REFERENCES public.django_content_type(id) DEFERRABLE INITIALLY DEFERRED;


--
-- Name: django_admin_log django_admin_log_content_type_id_c4bce8eb_fk_django_co; Type: FK CONSTRAINT; Schema: public; Owner: postgres
--

ALTER TABLE ONLY public.django_admin_log
    ADD CONSTRAINT django_admin_log_content_type_id_c4bce8eb_fk_django_co FOREIGN KEY (content_type_id) REFERENCES public.django_content_type(id) DEFERRABLE INITIALLY DEFERRED;


--
-- Name: django_admin_log django_admin_log_user_id_c564eba6_fk_users_app_user_id; Type: FK CONSTRAINT; Schema: public; Owner: postgres
--

ALTER TABLE ONLY public.django_admin_log
    ADD CONSTRAINT django_admin_log_user_id_c564eba6_fk_users_app_user_id FOREIGN KEY (user_id) REFERENCES public.users_app_user(id) DEFERRABLE INITIALLY DEFERRED;


--
-- Name: django_celery_beat_periodictask django_celery_beat_p_clocked_id_47a69f82_fk_django_ce; Type: FK CONSTRAINT; Schema: public; Owner: postgres
--

ALTER TABLE ONLY public.django_celery_beat_periodictask
    ADD CONSTRAINT django_celery_beat_p_clocked_id_47a69f82_fk_django_ce FOREIGN KEY (clocked_id) REFERENCES public.django_celery_beat_clockedschedule(id) DEFERRABLE INITIALLY DEFERRED;


--
-- Name: django_celery_beat_periodictask django_celery_beat_p_crontab_id_d3cba168_fk_django_ce; Type: FK CONSTRAINT; Schema: public; Owner: postgres
--

ALTER TABLE ONLY public.django_celery_beat_periodictask
    ADD CONSTRAINT django_celery_beat_p_crontab_id_d3cba168_fk_django_ce FOREIGN KEY (crontab_id) REFERENCES public.django_celery_beat_crontabschedule(id) DEFERRABLE INITIALLY DEFERRED;


--
-- Name: django_celery_beat_periodictask django_celery_beat_p_interval_id_a8ca27da_fk_django_ce; Type: FK CONSTRAINT; Schema: public; Owner: postgres
--

ALTER TABLE ONLY public.django_celery_beat_periodictask
    ADD CONSTRAINT django_celery_beat_p_interval_id_a8ca27da_fk_django_ce FOREIGN KEY (interval_id) REFERENCES public.django_celery_beat_intervalschedule(id) DEFERRABLE INITIALLY DEFERRED;


--
-- Name: django_celery_beat_periodictask django_celery_beat_p_solar_id_a87ce72c_fk_django_ce; Type: FK CONSTRAINT; Schema: public; Owner: postgres
--

ALTER TABLE ONLY public.django_celery_beat_periodictask
    ADD CONSTRAINT django_celery_beat_p_solar_id_a87ce72c_fk_django_ce FOREIGN KEY (solar_id) REFERENCES public.django_celery_beat_solarschedule(id) DEFERRABLE INITIALLY DEFERRED;


--
-- Name: education_app_course education_app_course_owner_id_ef7df33c_fk_users_app_user_id; Type: FK CONSTRAINT; Schema: public; Owner: postgres
--

ALTER TABLE ONLY public.education_app_course
    ADD CONSTRAINT education_app_course_owner_id_ef7df33c_fk_users_app_user_id FOREIGN KEY (owner_id) REFERENCES public.users_app_user(id) DEFERRABLE INITIALLY DEFERRED;


--
-- Name: education_app_lesson education_app_lesson_course_id_302dd957_fk_education; Type: FK CONSTRAINT; Schema: public; Owner: postgres
--

ALTER TABLE ONLY public.education_app_lesson
    ADD CONSTRAINT education_app_lesson_course_id_302dd957_fk_education FOREIGN KEY (course_id) REFERENCES public.education_app_course(id) DEFERRABLE INITIALLY DEFERRED;


--
-- Name: education_app_lesson education_app_lesson_owner_id_d0972316_fk_users_app_user_id; Type: FK CONSTRAINT; Schema: public; Owner: postgres
--

ALTER TABLE ONLY public.education_app_lesson
    ADD CONSTRAINT education_app_lesson_owner_id_d0972316_fk_users_app_user_id FOREIGN KEY (owner_id) REFERENCES public.users_app_user(id) DEFERRABLE INITIALLY DEFERRED;


--
-- Name: education_app_subscription education_app_subscr_course_id_c4b0bf6d_fk_education; Type: FK CONSTRAINT; Schema: public; Owner: postgres
--

ALTER TABLE ONLY public.education_app_subscription
    ADD CONSTRAINT education_app_subscr_course_id_c4b0bf6d_fk_education FOREIGN KEY (course_id) REFERENCES public.education_app_course(id) DEFERRABLE INITIALLY DEFERRED;


--
-- Name: education_app_subscription education_app_subscr_user_id_617383a3_fk_users_app; Type: FK CONSTRAINT; Schema: public; Owner: postgres
--

ALTER TABLE ONLY public.education_app_subscription
    ADD CONSTRAINT education_app_subscr_user_id_617383a3_fk_users_app FOREIGN KEY (user_id) REFERENCES public.users_app_user(id) DEFERRABLE INITIALLY DEFERRED;


--
-- Name: payment_app_payment payment_app_payment_paid_course_id_ab02ad8f_fk_education; Type: FK CONSTRAINT; Schema: public; Owner: postgres
--

ALTER TABLE ONLY public.payment_app_payment
    ADD CONSTRAINT payment_app_payment_paid_course_id_ab02ad8f_fk_education FOREIGN KEY (paid_course_id) REFERENCES public.education_app_course(id) DEFERRABLE INITIALLY DEFERRED;


--
-- Name: payment_app_payment payment_app_payment_paid_lesson_id_9fc5b55a_fk_education; Type: FK CONSTRAINT; Schema: public; Owner: postgres
--

ALTER TABLE ONLY public.payment_app_payment
    ADD CONSTRAINT payment_app_payment_paid_lesson_id_9fc5b55a_fk_education FOREIGN KEY (paid_lesson_id) REFERENCES public.education_app_lesson(id) DEFERRABLE INITIALLY DEFERRED;


--
-- Name: payment_app_payment payment_app_payment_user_id_65850508_fk_users_app_user_id; Type: FK CONSTRAINT; Schema: public; Owner: postgres
--

ALTER TABLE ONLY public.payment_app_payment
    ADD CONSTRAINT payment_app_payment_user_id_65850508_fk_users_app_user_id FOREIGN KEY (user_id) REFERENCES public.users_app_user(id) DEFERRABLE INITIALLY DEFERRED;


--
-- Name: users_app_user_groups users_app_user_groups_group_id_a248c506_fk_auth_group_id; Type: FK CONSTRAINT; Schema: public; Owner: postgres
--

ALTER TABLE ONLY public.users_app_user_groups
    ADD CONSTRAINT users_app_user_groups_group_id_a248c506_fk_auth_group_id FOREIGN KEY (group_id) REFERENCES public.auth_group(id) DEFERRABLE INITIALLY DEFERRED;


--
-- Name: users_app_user_groups users_app_user_groups_user_id_0fb09204_fk_users_app_user_id; Type: FK CONSTRAINT; Schema: public; Owner: postgres
--

ALTER TABLE ONLY public.users_app_user_groups
    ADD CONSTRAINT users_app_user_groups_user_id_0fb09204_fk_users_app_user_id FOREIGN KEY (user_id) REFERENCES public.users_app_user(id) DEFERRABLE INITIALLY DEFERRED;


--
-- Name: users_app_user_user_permissions users_app_user_user__permission_id_61fe1390_fk_auth_perm; Type: FK CONSTRAINT; Schema: public; Owner: postgres
--

ALTER TABLE ONLY public.users_app_user_user_permissions
    ADD CONSTRAINT users_app_user_user__permission_id_61fe1390_fk_auth_perm FOREIGN KEY (permission_id) REFERENCES public.auth_permission(id) DEFERRABLE INITIALLY DEFERRED;


--
-- Name: users_app_user_user_permissions users_app_user_user__user_id_ed0fe1b8_fk_users_app; Type: FK CONSTRAINT; Schema: public; Owner: postgres
--

ALTER TABLE ONLY public.users_app_user_user_permissions
    ADD CONSTRAINT users_app_user_user__user_id_ed0fe1b8_fk_users_app FOREIGN KEY (user_id) REFERENCES public.users_app_user(id) DEFERRABLE INITIALLY DEFERRED;


--
-- PostgreSQL database dump complete
--

